class,image
akiec,ISIC_0029360.jpg
akiec,ISIC_0027294.jpg
bkl,ISIC_0032040.jpg
bkl,ISIC_0033410.jpg
bkl,ISIC_0024408.jpg
bkl,ISIC_0025851.jpg
bkl,ISIC_0028347.jpg
bkl,ISIC_0029924.jpg
bkl,ISIC_0024409.jpg
bkl,ISIC_0031212.jpg
bkl,ISIC_0028972.jpg
bkl,ISIC_0024635.jpg
bkl,ISIC_0025339.jpg
bkl,ISIC_0029270.jpg
bkl,ISIC_0032863.jpg
bkl,ISIC_0032877.jpg
bkl,ISIC_0033758.jpg
bkl,ISIC_0024581.jpg
bkl,ISIC_0033199.jpg
bkl,ISIC_0030241.jpg
bkl,ISIC_0033576.jpg
bkl,ISIC_0025103.jpg
bkl,ISIC_0033761.jpg
bkl,ISIC_0028209.jpg
bkl,ISIC_0029301.jpg
bkl,ISIC_0029897.jpg
bkl,ISIC_0029101.jpg
bkl,ISIC_0029061.jpg
bkl,ISIC_0034024.jpg
bkl,ISIC_0029288.jpg
bkl,ISIC_0032694.jpg
bkl,ISIC_0025465.jpg
bkl,ISIC_0029505.jpg
bkl,ISIC_0027850.jpg
bkl,ISIC_0025510.jpg
bkl,ISIC_0030998.jpg
bkl,ISIC_0029012.jpg
bkl,ISIC_0029947.jpg
bkl,ISIC_0025984.jpg
bkl,ISIC_0024495.jpg
bkl,ISIC_0033466.jpg
bkl,ISIC_0028052.jpg
bkl,ISIC_0032949.jpg
bkl,ISIC_0027820.jpg
bkl,ISIC_0025819.jpg
bkl,ISIC_0031677.jpg
bkl,ISIC_0032168.jpg
bkl,ISIC_0033262.jpg
bkl,ISIC_0032343.jpg
bkl,ISIC_0032757.jpg
bkl,ISIC_0028479.jpg
bkl,ISIC_0025376.jpg
bkl,ISIC_0024915.jpg
bkl,ISIC_0033716.jpg
bkl,ISIC_0024336.jpg
bkl,ISIC_0032756.jpg
bkl,ISIC_0033460.jpg
bkl,ISIC_0026912.jpg
bkl,ISIC_0029837.jpg
bkl,ISIC_0027826.jpg
bkl,ISIC_0031088.jpg
bkl,ISIC_0030369.jpg
bkl,ISIC_0028876.jpg
bkl,ISIC_0026481.jpg
bkl,ISIC_0028490.jpg
bkl,ISIC_0024490.jpg
bkl,ISIC_0028080.jpg
bkl,ISIC_0024489.jpg
bkl,ISIC_0033693.jpg
bkl,ISIC_0034103.jpg
bkl,ISIC_0025378.jpg
bkl,ISIC_0031132.jpg
bkl,ISIC_0026248.jpg
bkl,ISIC_0025033.jpg
bkl,ISIC_0033321.jpg
bkl,ISIC_0031522.jpg
bkl,ISIC_0032983.jpg
bkl,ISIC_0027815.jpg
bkl,ISIC_0033280.jpg
bkl,ISIC_0031468.jpg
bkl,ISIC_0032835.jpg
bkl,ISIC_0025781.jpg
bkl,ISIC_0025554.jpg
bkl,ISIC_0026717.jpg
bkl,ISIC_0030203.jpg
bkl,ISIC_0024909.jpg
bkl,ISIC_0033252.jpg
bkl,ISIC_0032159.jpg
bkl,ISIC_0033284.jpg
bkl,ISIC_0032763.jpg
bkl,ISIC_0024883.jpg
bkl,ISIC_0032978.jpg
bkl,ISIC_0030189.jpg
bkl,ISIC_0024498.jpg
bkl,ISIC_0033899.jpg
bkl,ISIC_0031888.jpg
bkl,ISIC_0032576.jpg
bkl,ISIC_0027083.jpg
bkl,ISIC_0026835.jpg
bkl,ISIC_0026606.jpg
bkl,ISIC_0029291.jpg
bkl,ISIC_0033785.jpg
bkl,ISIC_0028560.jpg
bkl,ISIC_0024602.jpg
bkl,ISIC_0033744.jpg
bkl,ISIC_0024947.jpg
bkl,ISIC_0032665.jpg
bkl,ISIC_0032842.jpg
bkl,ISIC_0032315.jpg
bkl,ISIC_0031218.jpg
bkl,ISIC_0032463.jpg
bkl,ISIC_0024770.jpg
bkl,ISIC_0024943.jpg
bkl,ISIC_0033581.jpg
bkl,ISIC_0032304.jpg
bkl,ISIC_0034167.jpg
bkl,ISIC_0029320.jpg
bkl,ISIC_0029308.jpg
bkl,ISIC_0024612.jpg
bkl,ISIC_0025040.jpg
bkl,ISIC_0034165.jpg
bkl,ISIC_0033583.jpg
bkl,ISIC_0024997.jpg
bkl,ISIC_0028607.jpg
bkl,ISIC_0027905.jpg
vasc,ISIC_0029448.jpg
vasc,ISIC_0031950.jpg
vasc,ISIC_0034196.jpg
vasc,ISIC_0033969.jpg
vasc,ISIC_0029514.jpg
vasc,ISIC_0033565.jpg
vasc,ISIC_0030722.jpg
vasc,ISIC_0025677.jpg
vasc,ISIC_0027672.jpg
vasc,ISIC_0025924.jpg
vasc,ISIC_0032057.jpg
vasc,ISIC_0033349.jpg
vasc,ISIC_0027937.jpg
vasc,ISIC_0028146.jpg
vasc,ISIC_0029099.jpg
vasc,ISIC_0027665.jpg
vasc,ISIC_0032240.jpg
vasc,ISIC_0027856.jpg
vasc,ISIC_0031215.jpg
vasc,ISIC_0031201.jpg
vasc,ISIC_0031759.jpg
vasc,ISIC_0032867.jpg
vasc,ISIC_0033991.jpg
vasc,ISIC_0033749.jpg
vasc,ISIC_0026393.jpg
vasc,ISIC_0030283.jpg
vasc,ISIC_0025249.jpg
vasc,ISIC_0025707.jpg
vasc,ISIC_0028431.jpg
vasc,ISIC_0024747.jpg
vasc,ISIC_0033762.jpg
vasc,ISIC_0033158.jpg
vasc,ISIC_0031217.jpg
vasc,ISIC_0024669.jpg
vasc,ISIC_0031270.jpg
vasc,ISIC_0026693.jpg
vasc,ISIC_0026876.jpg
vasc,ISIC_0026490.jpg
vasc,ISIC_0024867.jpg
vasc,ISIC_0033458.jpg
vasc,ISIC_0031065.jpg
vasc,ISIC_0027983.jpg
vasc,ISIC_0024904.jpg
vasc,ISIC_0028680.jpg
vasc,ISIC_0026336.jpg
vasc,ISIC_0032545.jpg
vasc,ISIC_0026068.jpg
vasc,ISIC_0031276.jpg
vasc,ISIC_0029439.jpg
vasc,ISIC_0033844.jpg
vasc,ISIC_0031706.jpg
vasc,ISIC_0032409.jpg
vasc,ISIC_0032839.jpg
vasc,ISIC_0025606.jpg
vasc,ISIC_0025612.jpg
vasc,ISIC_0029404.jpg
vasc,ISIC_0026092.jpg
vasc,ISIC_0025599.jpg
vasc,ISIC_0031103.jpg
vasc,ISIC_0027563.jpg
vasc,ISIC_0027210.jpg
vasc,ISIC_0028714.jpg
vasc,ISIC_0029608.jpg
vasc,ISIC_0025807.jpg
vasc,ISIC_0026467.jpg
vasc,ISIC_0028885.jpg
vasc,ISIC_0033123.jpg
vasc,ISIC_0031093.jpg
vasc,ISIC_0024475.jpg
vasc,ISIC_0033135.jpg
vasc,ISIC_0029742.jpg
vasc,ISIC_0033450.jpg
vasc,ISIC_0026713.jpg
vasc,ISIC_0025578.jpg
vasc,ISIC_0025197.jpg
vasc,ISIC_0024706.jpg
vasc,ISIC_0025425.jpg
vasc,ISIC_0033092.jpg
vasc,ISIC_0031901.jpg
vasc,ISIC_0030606.jpg
vasc,ISIC_0030770.jpg
vasc,ISIC_0032614.jpg
vasc,ISIC_0030956.jpg
vasc,ISIC_0031719.jpg
vasc,ISIC_0030104.jpg
vasc,ISIC_0025680.jpg
vasc,ISIC_0030070.jpg
vasc,ISIC_0027256.jpg
vasc,ISIC_0031346.jpg
vasc,ISIC_0032538.jpg
vasc,ISIC_0032076.jpg
vasc,ISIC_0025250.jpg
vasc,ISIC_0033817.jpg
vasc,ISIC_0024402.jpg
vasc,ISIC_0024370.jpg
vasc,ISIC_0025873.jpg
vasc,ISIC_0033591.jpg
vasc,ISIC_0026163.jpg
vasc,ISIC_0034214.jpg
vasc,ISIC_0027888.jpg
vasc,ISIC_0032932.jpg
vasc,ISIC_0032715.jpg
vasc,ISIC_0029889.jpg
vasc,ISIC_0024375.jpg
vasc,ISIC_0028188.jpg
vasc,ISIC_0027522.jpg
vasc,ISIC_0028163.jpg
vasc,ISIC_0025321.jpg
vasc,ISIC_0032890.jpg
vasc,ISIC_0025452.jpg
vasc,ISIC_0033230.jpg
vasc,ISIC_0030275.jpg
vasc,ISIC_0028406.jpg
vasc,ISIC_0033608.jpg
vasc,ISIC_0032270.jpg
vasc,ISIC_0032919.jpg
vasc,ISIC_0033031.jpg
vasc,ISIC_0031197.jpg
vasc,ISIC_0029486.jpg
bcc,ISIC_0031263.jpg
bcc,ISIC_0025564.jpg
mel,ISIC_0032653.jpg
mel,ISIC_0033559.jpg
mel,ISIC_0032690.jpg
mel,ISIC_0033029.jpg
mel,ISIC_0026236.jpg
mel,ISIC_0030440.jpg
mel,ISIC_0033377.jpg
mel,ISIC_0032733.jpg
mel,ISIC_0030898.jpg
mel,ISIC_0025265.jpg
mel,ISIC_0031953.jpg
mel,ISIC_0028219.jpg
mel,ISIC_0032533.jpg
mel,ISIC_0030324.jpg
mel,ISIC_0027102.jpg
mel,ISIC_0033611.jpg
mel,ISIC_0034036.jpg
mel,ISIC_0025303.jpg
mel,ISIC_0024972.jpg
mel,ISIC_0033573.jpg
mel,ISIC_0027507.jpg
mel,ISIC_0029502.jpg
mel,ISIC_0032687.jpg
mel,ISIC_0032308.jpg
mel,ISIC_0030443.jpg
mel,ISIC_0032532.jpg
mel,ISIC_0029660.jpg
mel,ISIC_0032724.jpg
mel,ISIC_0032903.jpg
mel,ISIC_0032913.jpg
mel,ISIC_0031598.jpg
mel,ISIC_0024624.jpg
mel,ISIC_0032287.jpg
mel,ISIC_0033166.jpg
mel,ISIC_0032244.jpg
mel,ISIC_0033953.jpg
mel,ISIC_0030255.jpg
mel,ISIC_0027502.jpg
mel,ISIC_0032331.jpg
mel,ISIC_0033946.jpg
mel,ISIC_0033198.jpg
mel,ISIC_0025277.jpg
mel,ISIC_0033171.jpg
mel,ISIC_0032509.jpg
mel,ISIC_0032535.jpg
mel,ISIC_0024586.jpg
mel,ISIC_0030281.jpg
mel,ISIC_0031821.jpg
mel,ISIC_0032870.jpg
mel,ISIC_0033206.jpg
mel,ISIC_0025128.jpg
mel,ISIC_0027065.jpg
mel,ISIC_0030653.jpg
mel,ISIC_0032976.jpg
mel,ISIC_0031890.jpg
mel,ISIC_0033275.jpg
mel,ISIC_0034269.jpg
mel,ISIC_0029562.jpg
mel,ISIC_0032624.jpg
mel,ISIC_0026296.jpg
mel,ISIC_0024481.jpg
mel,ISIC_0025589.jpg
mel,ISIC_0024865.jpg
mel,ISIC_0031529.jpg
mel,ISIC_0030623.jpg
mel,ISIC_0026531.jpg
mel,ISIC_0024911.jpg
mel,ISIC_0026647.jpg
mel,ISIC_0030795.jpg
mel,ISIC_0027174.jpg
mel,ISIC_0033883.jpg
mel,ISIC_0032586.jpg
mel,ISIC_0030391.jpg
mel,ISIC_0033317.jpg
mel,ISIC_0032970.jpg
mel,ISIC_0028041.jpg
mel,ISIC_0024647.jpg
mel,ISIC_0028069.jpg
mel,ISIC_0033878.jpg
mel,ISIC_0034118.jpg
mel,ISIC_0033717.jpg
mel,ISIC_0027776.jpg
mel,ISIC_0032810.jpg
mel,ISIC_0028109.jpg
mel,ISIC_0034246.jpg
mel,ISIC_0033299.jpg
mel,ISIC_0032408.jpg
mel,ISIC_0026247.jpg
mel,ISIC_0025955.jpg
mel,ISIC_0032583.jpg
mel,ISIC_0026086.jpg
mel,ISIC_0030828.jpg
mel,ISIC_0032797.jpg
mel,ISIC_0033310.jpg
mel,ISIC_0024644.jpg
mel,ISIC_0034132.jpg
mel,ISIC_0033885.jpg
mel,ISIC_0033863.jpg
mel,ISIC_0033687.jpg
mel,ISIC_0033644.jpg
mel,ISIC_0033730.jpg
mel,ISIC_0032604.jpg
mel,ISIC_0033268.jpg
mel,ISIC_0032610.jpg
mel,ISIC_0033526.jpg
mel,ISIC_0024729.jpg
mel,ISIC_0033269.jpg
mel,ISIC_0030760.jpg
mel,ISIC_0024932.jpg
mel,ISIC_0026314.jpg
mel,ISIC_0024675.jpg
mel,ISIC_0032940.jpg
mel,ISIC_0033479.jpg
mel,ISIC_0025964.jpg
mel,ISIC_0033874.jpg
mel,ISIC_0024313.jpg
mel,ISIC_0033653.jpg
mel,ISIC_0034074.jpg
mel,ISIC_0031642.jpg
mel,ISIC_0034289.jpg
mel,ISIC_0034262.jpg
mel,ISIC_0033524.jpg
mel,ISIC_0024702.jpg
mel,ISIC_0033518.jpg
mel,ISIC_0033068.jpg
mel,ISIC_0034061.jpg
mel,ISIC_0033901.jpg
mel,ISIC_0033120.jpg
mel,ISIC_0025018.jpg
mel,ISIC_0030165.jpg
mel,ISIC_0030171.jpg
mel,ISIC_0032766.jpg
mel,ISIC_0030818.jpg
mel,ISIC_0034065.jpg
mel,ISIC_0032400.jpg
mel,ISIC_0032603.jpg
mel,ISIC_0030014.jpg
mel,ISIC_0026892.jpg
mel,ISIC_0034064.jpg
mel,ISIC_0032207.jpg
mel,ISIC_0033643.jpg
mel,ISIC_0025592.jpg
mel,ISIC_0033872.jpg
mel,ISIC_0033286.jpg
mel,ISIC_0029209.jpg
mel,ISIC_0026113.jpg
mel,ISIC_0032833.jpg
mel,ISIC_0033287.jpg
mel,ISIC_0029744.jpg
mel,ISIC_0028512.jpg
mel,ISIC_0032984.jpg
mel,ISIC_0033324.jpg
mel,ISIC_0026996.jpg
mel,ISIC_0032511.jpg
mel,ISIC_0024367.jpg
mel,ISIC_0033034.jpg
mel,ISIC_0033975.jpg
mel,ISIC_0032921.jpg
mel,ISIC_0029495.jpg
mel,ISIC_0034188.jpg
mel,ISIC_0029913.jpg
mel,ISIC_0026188.jpg
mel,ISIC_0030932.jpg
mel,ISIC_0025127.jpg
mel,ISIC_0033779.jpg
mel,ISIC_0033369.jpg
mel,ISIC_0029480.jpg
mel,ISIC_0030843.jpg
mel,ISIC_0029453.jpg
mel,ISIC_0028215.jpg
mel,ISIC_0032517.jpg
mel,ISIC_0030089.jpg
mel,ISIC_0034205.jpg
mel,ISIC_0033595.jpg
mel,ISIC_0027721.jpg
mel,ISIC_0033967.jpg
mel,ISIC_0031023.jpg
mel,ISIC_0031745.jpg
mel,ISIC_0031586.jpg
mel,ISIC_0031545.jpg
mel,ISIC_0033805.jpg
mel,ISIC_0027125.jpg
mel,ISIC_0033636.jpg
mel,ISIC_0024410.jpg
mel,ISIC_0033024.jpg
mel,ISIC_0030539.jpg
mel,ISIC_0034005.jpg
mel,ISIC_0032662.jpg
mel,ISIC_0024767.jpg
mel,ISIC_0026158.jpg
mel,ISIC_0032844.jpg
mel,ISIC_0028565.jpg
mel,ISIC_0033804.jpg
mel,ISIC_0031550.jpg
